{"cameraMode":{"drawMode":0,"name":"Shaded","section":"Shading Mode"},"sceneLighting":false,"audioPlay":false,"sceneViewState":{"showFog":true,"showMaterialUpdate":false,"showSkybox":false,"showFlares":true,"showImageEffects":true,"showParticleSystems":true},"in2DMode":false,"pivot":{"x":4.587923526763916,"y":9.552316665649414,"z":2.8859355449676515},"rotation":{"x":0.0778956487774849,"y":-0.025419754907488824,"z":0.0019867660012096168,"w":0.9966354966163635},"size":6.685233116149902,"orthographic":false}