{"cameraMode":{"drawMode":0,"name":"Shaded","section":"Shading Mode"},"sceneLighting":true,"audioPlay":false,"sceneViewState":{"showFog":true,"showMaterialUpdate":false,"showSkybox":true,"showFlares":true,"showImageEffects":true,"showParticleSystems":true},"in2DMode":false,"pivot":{"x":-10.653739929199219,"y":11.249664306640625,"z":4.54902982711792},"rotation":{"x":-0.02223173901438713,"y":0.7150077819824219,"z":-0.02274589240550995,"w":-0.698469877243042},"size":14.270523071289063,"orthographic":false}